{"Train Batch total loss": 0.006473157089203596, "Val Batch total loss": 0.008319361135363579, "_timestamp": 1695194195.380924, "_runtime": 9.878398895263672, "_step": 68}